Metric,Value
MAE,80844.67067605197
MSE,25667064616.205364
RMSE,160209.43984736156
R²,0.9221724072353241
Adjusted R²,0.9213921807414427
MAPE,8.730277152568831
SMAPE,8.66960633707498
Median AE,49381.953125
Explained Variance,0.9231785006568335
Max Error,2239025.5
MSLE,0.012974983581672202
